fold,split,mAP50,mAP50_95,precision,recall,AP50_Trichomonas vaginalis,AP50_Bacterial vaginosis flora shift,AP50_Candida spp.,AP50_Actinomyces spp.
0,val,0.5256142035603646,0.3181673232386344,0.7166352095720419,0.46281170571874,0.5714823746727156,0.6893928272976484,0.15439874707427553,0.6871828651968187
0,test,0.5223663395650834,0.28422059328953453,0.5746380968250667,0.481885636620775,0.4464485140063782,0.6824221713622174,0.10207194561901056,0.8585227272727273
1,val,0.4345800331914692,0.25540123044047236,0.3854243729070932,0.44408627674762957,0.45118080108374814,0.6974392959102634,0.11911883253899849,0.47058120323286656
1,test,0.5894227732838785,0.30568074937440914,0.5044865504724918,0.6160356646613161,0.4889144163834414,0.7209170765411664,0.1928596002109058,0.9550000000000002
2,val,0.29036884797180285,0.1531204200548747,0.7268241317849595,0.2070938388052482,0.3386461819223166,0.48021783656122474,0.042042399203440356,0.30056897420022965
2,test,0.3216281980849454,0.18295018657294387,0.7032061190247362,0.19338235294117645,0.332550137096183,0.5308167686085465,0.03083081814190145,0.3923150684931507
